{
  "fidelity_ci": {
    "overall": {
      "n": 120,
      "edge_recall": [
        0.6435916666666667,
        0.5742333333333336,
        0.7110083333333335
      ],
      "edge_precision": [
        0.7984333333333333,
        0.7281916666666667,
        0.8642333333333333
      ],
      "kind_accuracy": [
        0.8293750000000001,
        0.7896250000000001,
        0.8680916666666666
      ]
    },
    "adk": {
      "n": 25,
      "edge_recall": [
        0.36684,
        0.20036,
        0.54792
      ],
      "edge_precision": [
        0.40332,
        0.23332,
        0.5833200000000001
      ],
      "kind_accuracy": [
        0.94268,
        0.8933599999999999,
        0.9866800000000001
      ]
    },
    "autogen": {
      "n": 35,
      "edge_recall": [
        0.7701428571428572,
        0.6746000000000001,
        0.8597428571428573
      ],
      "edge_precision": [
        0.9565428571428571,
        0.9079714285714287,
        0.9942857142857142
      ],
      "kind_accuracy": [
        0.8999714285714285,
        0.8540571428571431,
        0.9455142857142859
      ]
    },
    "crewai": {
      "n": 20,
      "edge_recall": [
        0.69165,
        0.49165000000000003,
        0.8916499999999999
      ],
      "edge_precision": [
        0.7,
        0.5,
        0.9
      ],
      "kind_accuracy": [
        0.9292,
        0.8583999999999999,
        0.9875
      ]
    },
    "langgraph": {
      "n": 40,
      "edge_recall": [
        0.6818,
        0.5954499999999999,
        0.765825
      ],
      "edge_precision": [
        0.95625,
        0.8875,
        1.0
      ],
      "kind_accuracy": [
        0.646875,
        0.5791000000000001,
        0.718975
      ]
    }
  },
  "prevalence_ci": {
    "genuine_of_all_flags": [
      2,
      187,
      [
        1.06951871657754,
        0.2937861381681197,
        3.8151712380014358
      ]
    ],
    "structural_genuine": [
      0,
      72,
      [
        0.0,
        0.0,
        5.0652939811396385
      ]
    ],
    "artifact_fraction": [
      80,
      187,
      [
        42.780748663101605,
        35.90492682628641,
        49.94721442593531
      ]
    ],
    "intentional_fraction": [
      93,
      187,
      [
        49.73262032085562,
        42.644128680235525,
        56.83187655132824
      ]
    ],
    "human_gate_genuine": [
      2,
      114,
      [
        1.7543859649122806,
        0.48243176826553574,
        6.1719245880636375
      ]
    ]
  },
  "bootstrap_B": 10000,
  "z": 1.96
}